[{"name": "Daliah", "phone": "+966 54 888 5560", "email": "daliah2001@hotmail.com"}, {"name": "Bassam", "phone": "+966 56  67 6 6184", "email": "Bassam_22@hotmail.com"}, {"name": "Aseel", "phone": "+966 54  88 8 5560", "email": "Aseel_22@hotmail.com"}, {"name": "Abdulaziz", "phone": "+966 54  55 5 4366", "email": "Azz_55@hotmail.com"}, {"name": "Ahteer", "phone": "+966 56  66 6 6666", "email": "Ahteer_33@hotmail.com"}, {"name": "Noor", "phone": "+966 55  55 5 5555", "email": "Noor_66@hotmail.com"}, {"name": "Sara", "phone": "+966 55  55 5 5555", "email": "Sara_22@hotmail.com"}, {"name": "Salman", "phone": "+966 5  676  18484", "email": "Sa_22@hotmail.com"}, {"name": "Dana", "phone": "+966 54  88 8 5544", "email": "Dana_22@hotmail.com"}, {"name": "Jood", "phone": "+966 56 761 8484", "email": "Jood_22@hotmail.com"}]